<?xml version="1.0" encoding="UTF-8"?><module codename="org.netbeans.libs.jna/1">
    <module_version install_time="1461600422768" last="true" origin="installer" specification_version="1.38.1">
        <file crc="2569359839" name="config/Modules/org-netbeans-libs-jna.xml"/>
        <file crc="243529231" name="modules/ext/jna-4.1.0.jar"/>
        <file crc="539543304" name="modules/lib/amd64/jnidispatch-410.dll"/>
        <file crc="2938837592" name="modules/lib/amd64/linux/libjnidispatch-410.so"/>
        <file crc="2948823769" name="modules/lib/i386/linux/libjnidispatch-410.so"/>
        <file crc="1687717290" name="modules/lib/libjnidispatch-410.jnilib"/>
        <file crc="63005973" name="modules/lib/x86/jnidispatch-410.dll"/>
        <file crc="2966672532" name="modules/org-netbeans-libs-jna.jar"/>
    </module_version>
</module>
