<?xml version="1.0" encoding="UTF-8"?><module codename="org.eclipse.jetty">
    <module_version install_time="1475071850427" last="true" origin="installer" specification_version="1.0">
        <file crc="3838178637" name="config/Modules/org-eclipse-jetty.xml"/>
        <file crc="1871368353" name="modules/ext/jetty-continuation-8.1.14.v20131031.jar"/>
        <file crc="2958066605" name="modules/ext/jetty-http-8.1.14.v20131031.jar"/>
        <file crc="462661902" name="modules/ext/jetty-io-8.1.14.v20131031.jar"/>
        <file crc="1641229749" name="modules/ext/jetty-security-8.1.14.v20131031.jar"/>
        <file crc="735291770" name="modules/ext/jetty-server-8.1.14.v20131031.jar"/>
        <file crc="1659899667" name="modules/ext/jetty-util-8.1.14.v20131031.jar"/>
        <file crc="1371539559" name="modules/ext/servlet-api-3.0.jar"/>
        <file crc="4101753306" name="modules/org-eclipse-jetty.jar"/>
    </module_version>
</module>
